Question;Answer
How much did Microsoft’s total revenue grow from 2021 to 2022?;30,182 million dollars
How much did Microsoft’s total revenue grow from 2022 to 2023?;13,645 million dollars
How much did Microsoft’s net income grow from 2021 to 2022?;11,467 million dollars
How much did Microsoft’s net income decrease from 2022 to 2023?;-377 million dollars
How much did Microsoft’s total assets increase from 2021 to 2022?;31,061 million dollars
How much did Microsoft’s total assets increase from 2022 to 2023?;47,136 million dollars
How much did Microsoft’s total liabilities increase from 2021 to 2022?;6,507 million dollars
How much did Microsoft’s total liabilities increase from 2022 to 2023?;7,455 million dollars
How much did Microsoft’s cash flow from operating activities increase from 2021 to 2022?;12,295 million dollars
How much did Microsoft’s cash flow from operating activities decrease from 2022 to 2023?;-1,453 million dollars
What was the percentage increase in Microsoft’s total assets from 2021 to 2022?;9.30%
What was the percentage increase in Microsoft’s total assets from 2022 to 2023?;12.93%
What was the percentage increase in Microsoft’s total liabilities from 2021 to 2022?;3.39%
What was the percentage increase in Microsoft’s total liabilities from 2022 to 2023?;3.75%
What was the percentage increase in Microsoft’s cash flow from operating activities from 2021 to 2022?;16.01%
What was the percentage decrease in Microsoft’s cash flow from operating activities from 2022 to 2023?;-1.63%
What was Microsoft’s total revenue in dollars for the fiscal year 2021?;168,088,000,000
What was Microsoft’s total revenue in dollars for the fiscal year 2022?;198,270,000,000
What was Microsoft’s total revenue in dollars for the fiscal year 2023?;211,915,000,000
What was Microsoft’s net income in dollars for the fiscal year 2021?;61,271,000,000
What was Microsoft’s net income in dollars for the fiscal year 2022?;72,738,000,000
What was Microsoft’s net income in dollars for the fiscal year 2023?;72,361,000,000
What were Microsoft’s total assets in dollars for the fiscal year 2021?;333,779,000,000
What were Microsoft’s total assets in dollars for the fiscal year 2022?;364,840,000,000
What were Microsoft’s total assets in dollars for the fiscal year 2023?;411,976,000,000
What were Microsoft’s total liabilities in dollars for the fiscal year 2021?;191,791,000,000
What were Microsoft’s total liabilities in dollars for the fiscal year 2022?;198,298,000,000
What were Microsoft’s total liabilities in dollars for the fiscal year 2023?;205,753,000,000
What was Microsoft’s cash flow from operating activities in dollars for the fiscal year 2021?;76,740,000,000
What was Microsoft’s cash flow from operating activities in dollars for the fiscal year 2022?;89,035,000,000
What was Microsoft’s cash flow from operating activities in dollars for the fiscal year 2023?;87,582,000,000
How much did Microsoft’s revenue grow in dollars from 2021 to 2022?;30,182,000,000
How much did Microsoft’s revenue grow in dollars from 2022 to 2023?;13,645,000,000
How much did Microsoft’s net income grow in dollars from 2021 to 2022?;11,467,000,000
How much did Microsoft’s net income decrease in dollars from 2022 to 2023?;-377,000,000
How much did Microsoft’s total assets increase in dollars from 2021 to 2022?;31,061,000,000
How much did Microsoft’s total assets increase in dollars from 2022 to 2023?;47,136,000,000
How much did Microsoft’s total liabilities increase in dollars from 2021 to 2022?;6,507,000,000
How much did Microsoft’s total liabilities increase in dollars from 2022 to 2023?;7,455,000,000
How much did Microsoft’s cash flow from operating activities increase in dollars from 2021 to 2022?;12,295,000,000
How much did Microsoft’s cash flow from operating activities decrease in dollars from 2022 to 2023?;-1,453,000,000
What was Microsoft’s revenue growth rate from 2021 to 2022?;17.956071%
What was Microsoft’s revenue growth rate from 2022 to 2023?;6.882030%
What was Microsoft’s net income growth rate from 2021 to 2022?;18.715216%
What was Microsoft’s net income growth rate from 2022 to 2023?;-0.518299%
What was the revenue for Microsoft in 2021 in millions of dollars?;168,088
What was the revenue for Microsoft in 2022 in millions of dollars?;198,270
What was the revenue for Microsoft in 2023 in millions of dollars?;211,915
What was the net income for Microsoft in 2021 in millions of dollars?;61,271
What was the net income for Microsoft in 2022 in millions of dollars?;72,738
What was the net income for Microsoft in 2023 in millions of dollars?;72,361
What were Microsoft’s total assets in 2021 in millions of dollars?;333,779
What were Microsoft’s total assets in 2022 in millions of dollars?;364,840
What were Microsoft’s total assets in 2023 in millions of dollars?;411,976
What were Microsoft’s total liabilities in 2021 in millions of dollars?;191,791
What were Microsoft’s total liabilities in 2022 in millions of dollars?;198,298
What were Microsoft’s total liabilities in 2023 in millions of dollars?;205,753
What was the cash flow from operating activities for Microsoft in 2021 in millions of dollars?;76,740
What was the cash flow from operating activities for Microsoft in 2022 in millions of dollars?;89,035
What was the cash flow from operating activities for Microsoft in 2023 in millions of dollars?;87,582
What was the percentage change in Microsoft’s revenue growth from 2021 to 2022?;17.956071%
What was the percentage change in Microsoft’s revenue growth from 2022 to 2023?;6.882030%
What was the percentage change in Microsoft’s net income growth from 2021 to 2022?;18.715216%
What was the percentage change in Microsoft’s net income growth from 2022 to 2023?;-0.518299%
What was the revenue in 2021 for Microsoft?;168,088 million dollars
What was the revenue in 2022 for Microsoft?;198,270 million dollars
What was the revenue in 2023 for Microsoft?;211,915 million dollars
What was the net income in 2021 for Microsoft?;61,271 million dollars
What was the net income in 2022 for Microsoft?;72,738 million dollars
What was the net income in 2023 for Microsoft?;72,361 million dollars
What were the total assets in 2021 for Microsoft?;333,779 million dollars
What were the total assets in 2022 for Microsoft?;364,840 million dollars
What were the total assets in 2023 for Microsoft?;411,976 million dollars
What were the total liabilities in 2021 for Microsoft?;191,791 million dollars
What were the total liabilities in 2022 for Microsoft?;198,298 million dollars
What were the total liabilities in 2023 for Microsoft?;205,753 million dollars
What was the cash flow from operating activities in 2021 for Microsoft?;76,740 million dollars
What was the cash flow from operating activities in 2022 for Microsoft?;89,035 million dollars
What was the cash flow from operating activities in 2023 for Microsoft?;87,582 million dollars
What was the change in Microsoft’s revenue from 2021 to 2022?;30,182 million dollars
What was the change in Microsoft’s revenue from 2022 to 2023?;13,645 million dollars
What was the change in Microsoft’s net income from 2021 to 2022?;11,467 million dollars
What was the change in Microsoft’s net income from 2022 to 2023?;-377 million dollars
What was the change in Microsoft’s total assets from 2021 to 2022?;31,061 million dollars
What was the change in Microsoft’s total assets from 2022 to 2023?;47,136 million dollars
What was the change in Microsoft’s total liabilities from 2021 to 2022?;6,507 million dollars
What was the change in Microsoft’s total liabilities from 2022 to 2023?;7,455 million dollars
What was the change in Microsoft’s cash flow from operating activities from 2021 to 2022?;12,295 million dollars
What was the change in Microsoft’s cash flow from operating activities from 2022 to 2023?;-1,453 million dollars
What was Tesla’s total revenue in 2021?;53823 million dollars
What was Tesla’s net income in 2021?;5644 million dollars
What were Tesla’s total assets in 2021?;62131 million dollars
What were Tesla’s total liabilities in 2021?;30548 million dollars
What was Tesla’s cash flow from operating activities in 2021?;11497 million dollars
What was Tesla’s revenue growth in 2021?;0.000000%
What was Tesla’s net income growth in 2021?;0.000000%
What was Tesla’s total revenue in 2022?;81462 million dollars
What was Tesla’s net income in 2022?;12587 million dollars
What were Tesla’s total assets in 2022?;82338 million dollars
What were Tesla’s total liabilities in 2022?;36440 million dollars
What was Tesla’s cash flow from operating activities in 2022?;14724 million dollars
What was Tesla’s revenue growth in 2022?;51.351653%
What was Tesla’s net income growth in 2022?;123.015592%
What was Tesla’s total revenue in 2023?;96773 million dollars
What was Tesla’s net income in 2023?;14974 million dollars
What were Tesla’s total assets in 2023?;106618 million dollars
What were Tesla’s total liabilities in 2023?;43009 million dollars
What was Tesla’s cash flow from operating activities in 2023?;13256 million dollars
What was Tesla’s revenue growth in 2023?;18.795267%
What was Tesla’s net income growth in 2023?;18.964010%
How much did Tesla’s total revenue increase from 2021 to 2022?;27639 million dollars
How much did Tesla’s total revenue increase from 2022 to 2023?;15311 million dollars
What was the percentage increase in Tesla’s total revenue from 2021 to 2022?;51.351653%
What was the percentage increase in Tesla’s total revenue from 2022 to 2023?;18.795267%
How did Tesla’s net income in 2022 compare to 2021?;Increased by 6943 million dollars
How did Tesla’s net income in 2023 compare to 2022?;Increased by 2397 million dollars
What was the percentage increase in Tesla’s net income from 2021 to 2022?;123.015592%
What was the percentage increase in Tesla’s net income from 2022 to 2023?;18.964010%
What was the total assets value for Tesla in 2021?;62131 million dollars
What was the total assets value for Tesla in 2022?;82338 million dollars
What was the total assets value for Tesla in 2023?;106618 million dollars
How much did Tesla’s total assets increase from 2021 to 2022?;20207 million dollars
How much did Tesla’s total assets increase from 2022 to 2023?;24280 million dollars
What was Tesla’s total liabilities in 2021?;30548 million dollars
What was Tesla’s total liabilities in 2022?;36440 million dollars
What was Tesla’s total liabilities in 2023?;43009 million dollars
How much did Tesla’s total liabilities increase from 2021 to 2022?;5892 million dollars
How much did Tesla’s total liabilities increase from 2022 to 2023?;6569 million dollars
What was Tesla’s cash flow from operating activities in 2021?;11497 million dollars
What was Tesla’s cash flow from operating activities in 2022?;14724 million dollars
What was Tesla’s cash flow from operating activities in 2023?;13256 million dollars
How much did Tesla’s cash flow from operating activities increase from 2021 to 2022?;3227 million dollars
How much did Tesla’s cash flow from operating activities decrease from 2022 to 2023?;-1468 million dollars
What was the revenue growth percentage for Tesla in 2021?;0.000000%
What was the revenue growth percentage for Tesla in 2022?;51.351653%
What was the revenue growth percentage for Tesla in 2023?;18.795267%
What was the net income growth percentage for Tesla in 2021?;0.000000%
What was the net income growth percentage for Tesla in 2022?;123.015592%
What was the net income growth percentage for Tesla in 2023?;18.964010%
How much did Tesla’s revenue grow in dollars from 2021 to 2022?;27639 million dollars
How much did Tesla’s revenue grow in dollars from 2022 to 2023?;15311 million dollars
How much did Tesla’s net income grow in dollars from 2021 to 2022?;6943 million dollars
How much did Tesla’s net income grow in dollars from 2022 to 2023?;2397 million dollars
How much did Tesla’s total assets increase in dollars from 2021 to 2022?;20207 million dollars
How much did Tesla’s total assets increase in dollars from 2022 to 2023?;24280 million dollars
How much did Tesla’s total liabilities increase in dollars from 2021 to 2022?;5892 million dollars
How much did Tesla’s total liabilities increase in dollars from 2022 to 2023?;6569 million dollars
How much did Tesla’s cash flow from operating activities increase in dollars from 2021 to 2022?;3227 million dollars
How much did Tesla’s cash flow from operating activities decrease in dollars from 2022 to 2023?;-1468 million dollars
What was Tesla’s revenue in 2021 in millions of dollars?;53,823
What was Tesla’s revenue in 2022 in millions of dollars?;81,462
What was Tesla’s revenue in 2023 in millions of dollars?;96,773
What was Tesla’s net income in 2021 in millions of dollars?;5,644
What was Tesla’s net income in 2022 in millions of dollars?;12,587
What was Tesla’s net income in 2023 in millions of dollars?;14,974
What were Tesla’s total assets in 2021 in millions of dollars?;62,131
What were Tesla’s total assets in 2022 in millions of dollars?;82,338
What were Tesla’s total assets in 2023 in millions of dollars?;106,618
What were Tesla’s total liabilities in 2021 in millions of dollars?;30,548
What were Tesla’s total liabilities in 2022 in millions of dollars?;36,440
What were Tesla’s total liabilities in 2023 in millions of dollars?;43,009
What was the cash flow from operating activities for Tesla in 2021 in millions of dollars?;11,497
What was the cash flow from operating activities for Tesla in 2022 in millions of dollars?;14,724
What was the cash flow from operating activities for Tesla in 2023 in millions of dollars?;13,256
What was the percentage increase in Tesla’s total revenue from 2021 to 2022?;51.351653%
What was the percentage increase in Tesla’s total revenue from 2022 to 2023?;18.795267%
What was the percentage increase in Tesla’s net income from 2021 to 2022?;123.015592%
What was the percentage increase in Tesla’s net income from 2022 to 2023?;18.964010%
How did Tesla’s total revenue change from 2021 to 2022?;Increased by 27,639 million dollars
How did Tesla’s total revenue change from 2022 to 2023?;Increased by 15,311 million dollars
How did Tesla’s net income change from 2021 to 2022?;Increased by 6,943 million dollars
How did Tesla’s net income change from 2022 to 2023?;Increased by 2,397 million dollars
How did Tesla’s total assets change from 2021 to 2022?;Increased by 20,207 million dollars
How did Tesla’s total assets change from 2022 to 2023?;Increased by 24,280 million dollars
How did Tesla’s total liabilities change from 2021 to 2022?;Increased by 5,892 million dollars
How did Tesla’s total liabilities change from 2022 to 2023?;Increased by 6,569 million dollars
How did Tesla’s cash flow from operating activities change from 2021 to 2022?;Increased by 3,227 million dollars
How did Tesla’s cash flow from operating activities change from 2022 to 2023?;Decreased by 1,468 million dollars
What was the revenue growth rate for Tesla in 2021?;0.000000%
What was the revenue growth rate for Tesla in 2022?;51.351653%
What was the revenue growth rate for Tesla in 2023?;18.795267%
What was the net income growth rate for Tesla in 2021?;0.000000%
What was the net income growth rate for Tesla in 2022?;123.015592%
What was the net income growth rate for Tesla in 2023?;18.964010%
What was the total revenue for Tesla in 2021?;53,823 million dollars
What was the total revenue for Tesla in 2022?;81,462 million dollars
What was the total revenue for Tesla in 2023?;96,773 million dollars
What was the net income for Tesla in 2021?;5,644 million dollars
What was the net income for Tesla in 2022?;12,587 million dollars
What was the net income for Tesla in 2023?;14,974 million dollars
What were the total assets for Tesla in 2021?;62,131 million dollars
What were the total assets for Tesla in 2022?;82,338 million dollars
What were the total assets for Tesla in 2023?;106,618 million dollars
What were the total liabilities for Tesla in 2021?;30,548 million dollars
What were the total liabilities for Tesla in 2022?;36,440 million dollars
What were the total liabilities for Tesla in 2023?;43,009 million dollars
What was the cash flow from operating activities for Tesla in 2021?;11,497 million dollars
What was the cash flow from operating activities for Tesla in 2022?;14,724 million dollars
What was the cash flow from operating activities for Tesla in 2023?;13,256 million dollars
How did Tesla’s total revenue change from 2021 to 2022?;Increased by 27,639 million dollars
How did Tesla’s total revenue change from 2022 to 2023?;Increased by 15,311 million dollars
How did Tesla’s net income change from 2021 to 2022?;Increased by 6,943 million dollars
How did Tesla’s net income change from 2022 to 2023?;Increased by 2,397 million dollars
How did Tesla’s total assets change from 2021 to 2022?;Increased by 20,207 million dollars
How did Tesla’s total assets change from 2022 to 2023?;Increased by 24,280 million dollars
How did Tesla’s total liabilities change from 2021 to 2022?;Increased by 5,892 million dollars
How did Tesla’s total liabilities change from 2022 to 2023?;Increased by 6,569 million dollars
How did Tesla’s cash flow from operating activities change from 2021 to 2022?;Increased by 3,227 million dollars
How did Tesla’s cash flow from operating activities change from 2022 to 2023?;Decreased by 1,468 million dollars

